{
	"powers": [
		"sculkborn:weak_form",
		"sculkborn:daylight_sensitivity",
		"sculkborn:metal_burn",
		"sculkborn:essence_eater",
		"sculkborn:creature_of_shadow",
		"sculkborn:vitality_thief",
		"sculkborn:invisibility",
		"sculkborn:vibration_sense"
	],
	"icon": "minecraft:deepslate",
	"order": 10,
	"impact": 3,
	"name": "Sculkborn",
	"description": "The last descendants of the inhabitants of the Ancient Cities, twisted and warped by the sculk that has infected them, becoming something between human and otherworldly parasite."
}
