{
  "name": "Creature of Shadow",
  "description": "You are adapted to live in darkness, granting you speed, strength and night vision while in the dark.",
  "type": "origins:multiple",
  "speed": {
    "type": "origins:stacking_status_effect",
    "min_stacks": 1,
    "max_stacks": 1,
    "duration_per_stack": 40,
    "condition": {
      "type": "origins:or",
      "conditions": [
        {
          "type": "origins:exposed_to_sky",
          "inverted": true
        },
        {
          "type": "origins:time_of_day",
          "comparison": ">=",
          "compare_to": "13000"
        }
      ]
    },
    "effects": [
      {
        "effect": "minecraft:speed",
        "intensity": 2,
        "duration": 40,
        "is_ambient": false,
        "show_particles": false,
        "show_icon": false
      },
      {
        "effect": "minecraft:strength",
        "intensity": 1,
        "duration": 40,
        "is_ambient": false,
        "show_particles": false,
        "show_icon": false
      }
    ]
  },
  "night_vision": {
    "type": "origins:night_vision",
    "strength": 0.5,
    "condition": {
      "type": "origins:or",
      "conditions": [
        {
          "type": "origins:exposed_to_sky",
          "inverted": true
        },
        {
          "type": "origins:time_of_day",
          "comparison": ">=",
          "compare_to": "13000"
        }
      ]
    }
  }
}