{
  "name": "Daylight Sensitivity",
  "description": "Your sculk-warped eyes and flesh are sensitive to sunlight. While exposed to sunlight, you suffer from blindness, weakness and slowness.",
  "type": "origins:stacking_status_effect",
  "min_stacks": 1,
  "max_stacks": 1,
  "duration_per_stack": 40,
  "condition": {
    "type": "origins:exposed_to_sun"
  },
  "effects": [
    {
      "effect": "minecraft:blindness",
      "duration": 40,
      "is_ambient": false,
      "show_particles": false,
      "show_icon": false
    },
    {
      "effect": "minecraft:weakness",
      "duration": 40,
      "is_ambient": false,
      "show_particles": false,
      "show_icon": false
    },
    {
      "effect": "minecraft:slowness",
      "duration": 40,
      "is_ambient": false,
      "show_particles": false,
      "show_icon": false
    }
  ]
}