{
  "name": "Essence Eater",
  "description": "You cannot eat food, but instead consume experience.",
  "type": "origins:multiple",
  "no_food": {
    "type": "origins:prevent_item_use",
    "item_condition": {
      "type": "origins:food"
    }
  },
  "consume_experience": {
    "type": "origins:action_over_time",
    "interval": 10,
    "condition": {
      "type": "origins:and",
      "conditions": [
        {
          "type": "origins:xp_levels",
          "comparison": ">=",
          "compare_to": 1
        },
        {
          "type": "origins:food_level",
          "comparison": "<=",
          "compare_to": 17
        }
      ]
    },
    "entity_action": {
      "type": "origins:and",
      "actions": [
        {
          "type": "origins:feed",
          "food": 3,
          "saturation": 1.5
        },
        {
          "type": "origins:add_xp",
          "levels": -1
        }
      ]
    }
  }
}