{
	"name": "Invisibility",
	"description": "Your can turn invisible at will when not exposed to sunlight. However, this makes you consume hunger faster.",
	"type": "origins:multiple",
	"toggle": {
		"type": "origins:toggle",
		"active_by_default": "false",
		"key": "key.origins.primary_active"
	},
	"invisibility": {
		"type": "origins:invisibility",
		"render_armor": false,
		"condition": {
			"type": "origins:and",
			"conditions": [
				{
					"type": "origins:power_active",
					"power": "*:*_toggle"
				},
				{
					"type": "origins:or",
					"conditions": [
						{
							"type": "origins:exposed_to_sky",
							"inverted": true
						},
						{
							"type": "origins:time_of_day",
							"comparison": ">=",
							"compare_to": "13000"
						}
					]
				}
			]
		}
	},
	"exhaust": {
		"type": "origins:exhaust",
		"interval": 20,
		"exhaustion": 1.0,
		"condition": {
			"type": "origins:and",
			"conditions": [
				{
					"type": "origins:power_active",
					"power": "*:*_toggle"
				},
				{
					"type": "origins:or",
					"conditions": [
						{
							"type": "origins:exposed_to_sky",
							"inverted": true
						},
						{
							"type": "origins:time_of_day",
							"comparison": ">=",
							"compare_to": "13000"
						}
					]
				}
			]
		}
	}
}