{
  "name": "Metal Burn",
  "description": "Heavy metals and minerals burn your flesh. You can only use leather, gold and chainmail armor.",
  "type": "origins:restrict_armor",
  "head": {
    "type": "origins:armor_value",
    "comparison": ">",
    "compare_to": 2
  },
  "chest": {
    "type": "origins:armor_value",
    "comparison": ">",
    "compare_to": 5
  },
  "legs": {
    "type": "origins:armor_value",
    "comparison": ">",
    "compare_to": 4
  },
  "feet": {
    "type": "origins:armor_value",
    "comparison": ">",
    "compare_to": 1
  }
}