{
  "name": "Vibration Sense",
  "description": "Nearby entities are highlighted for you. This can be toggled on and off.",
  "type": "origins:multiple",
  "toggle": {
    "type": "origins:toggle",
    "active_by_default": "true",
    "key": "key.origins.secondary_active"
  },
  "glow": {
    "type": "origins:entity_glow",
    "bientity_condition": {
      "type": "origins:distance",
      "comparison": "<=",
      "compare_to": 24
    },
    "condition": {
      "type": "origins:power_active",
      "power": "*:*_toggle"
    },
    "use_teams": false,
    "red": 0.098,
    "green": 0.655,
    "blue": 0.694
  }
}