{
  "type": "origins:action_on_hit",
  "cooldown": 20,
  "name": "Vitality Thief",
  "description": "When striking an enemy, you siphon off some of their life force, gaining regeneration for a short time.",
  "bientity_action": {
    "type": "origins:actor_action",
    "action": {
      "type": "origins:apply_effect",
      "effect": {
        "effect": "minecraft:regeneration",
        "duration": 60,
        "amplifier": 0,
        "is_ambient": false,
        "show_particles": false,
        "show_icon": false
      }
    }
  }
}